{
  "depths": [
    {
      "id": "A",
      "title": "深度A",
      "text": "質問A",
      "options": [
        {
          "label": "選択1",
          "desc": "説明",
          "effect": {
            "tai": 1
          }
        }
      ]
    },
    {
      "id": "B",
      "title": "深度B",
      "text": "質問B",
      "options": [
        {
          "label": "選択1",
          "desc": "説明",
          "effect": {
            "wave": 1
          }
        }
      ]
    }
  ]
}